model,random_state,accuracy_general,MCC_general,F1_general,accuracy_ensemble,MCC_ensemble,F1_ensemble,alpha,training_size,test_size,train_distribution,test_distribution
NB,1,0.6454106280193237,0.30411014662725755,0.7602873938602221,0.8797101449275362,0.3256565089196702,0.9332618600911283,5,12840,2070,80.06,90.77
SVM,1,0.7874396135265701,0.37564607394356864,0.8705882352941177,0.8975845410628019,0.26893041078538277,0.9446764091858038,5,12840,2070,80.06,90.77
RF,1,0.821256038647343,0.37358227068029665,0.8944063926940639,0.9043478260869565,0.15833874335614978,0.9493346980552713,5,12840,2070,80.06,90.77
NB,2,0.6521317829457365,0.287222206230701,0.7688345138441726,0.8502906976744186,0.33393713783975126,0.9147115650013801,5,12846,2064,79.93,91.62
SVM,2,0.7795542635658915,0.3591263783150275,0.8660582867235795,0.9137596899224806,0.29329790013535667,0.9539813857290589,5,12846,2064,79.93,91.62
